"codice_catastale";"denominazione";"denominazione_aggiuntiva";"denominazione_agenzia_entrate";"denominazione_inglese";"data_istituzione";"data_cessazione"
"Z100";"ALBANIA";"";"ALBANIA";"ALBANIA";"1900-01-01";""
"Z101";"ANDORRA";"";"ANDORRA";"ANDORRA";"1900-01-01";""
"Z102";"AUSTRIA";"";"AUSTRIA";"AUSTRIA";"1900-01-01";""
"Z103";"BELGIO";"";"BELGIO";"BELGIUM";"1900-01-01";""
"Z104";"BULGARIA";"";"BULGARIA";"BULGARIA";"1900-01-01";""
"Z105";"CECOSLOVACCHIA";"";"";"";"1900-01-01";"1993-01-01"
"Z106";"CITTA' DEL VATICANO";"";"STATO CITTA' DEL VATICANO";"VATICAN CITY STATE";"1900-01-01";""
"Z107";"DANIMARCA";"";"DANIMARCA";"DENMARK";"1900-01-01";""
"Z108";"FAER OER (ISOLE)";"";"ISOLE FAER OER";"";"1900-01-01";""
"Z109";"FINLANDIA";"";"FINLANDIA";"FINLAND";"1900-01-01";""
"Z110";"FRANCIA";"";"FRANCIA";"FRANCE";"1900-01-01";""
"Z111";"GERMANIA REPUBBLICA DEMOCRATICA";"";"";"";"1900-01-01";"1990-10-03"
"Z112";"GERMANIA";"";"GERMANIA";"GERMANY";"1990-10-03";""
"Z112";"GERMANIA REPUBBLICA FEDERALE";"";"";"";"1900-01-01";"1990-10-03"
"Z113";"GIBILTERRA";"";"GIBILTERRA";"";"1900-01-01";""
"Z114";"REGNO UNITO";"GRAN BRETAGNA E IRLANDA DEL NORD";"REGNO UNITO";"UNITED KINGDOM";"1900-01-01";""
"Z115";"GRECIA";"";"GRECIA";"GREECE";"1900-01-01";""
"Z116";"IRLANDA";"";"IRLANDA";"IRELAND";"1900-01-01";""
"Z117";"ISLANDA";"";"ISLANDA";"ICELAND";"1900-01-01";""
"Z118";"IUGOSLAVIA";"";"";"";"1900-01-01";"1991-09-15"
"Z118";"IUGOSLAVIA";"";"";"";"1991-09-15";"1991-10-08"
"Z118";"IUGOSLAVIA";"";"";"";"1991-10-08";"1992-03-03"
"Z118";"IUGOSLAVIA";"";"";"";"1992-03-03";"2003-02-04"
"Z119";"LIECHTENSTEIN";"";"LIECHTENSTEIN";"LIECHTENSTEIN";"1900-01-01";""
"Z120";"LUSSEMBURGO";"";"LUSSEMBURGO";"LUXEMBOURG";"1900-01-01";""
"Z121";"MALTA";"";"MALTA";"MALTA";"1900-01-01";""
"Z122";"MAN (ISOLA)";"";"ISOLA DI MAN";"";"1900-01-01";""
"Z123";"MONACO";"";"MONACO";"MONACO";"1900-01-01";""
"Z124";"NORMANNE (ISOLE)";"ISOLE DEL CANALE";"NORMANNE (ISOLE) O ISOLE DEL CANALE";"";"1900-01-01";""
"Z125";"NORVEGIA";"";"NORVEGIA";"NORWAY";"1900-01-01";""
"Z126";"PAESI BASSI";"";"PAESI BASSI";"NETHERLANDS";"1900-01-01";""
"Z127";"POLONIA";"";"";"";"1900-01-01";"1989-12-31"
"Z127";"REPUBBLICA DI POLONIA";"";"POLONIA";"POLAND";"1989-12-31";""
"Z128";"PORTOGALLO";"";"PORTOGALLO";"PORTUGAL";"1900-01-01";""
"Z129";"ROMANIA";"";"ROMANIA";"ROMANIA";"1900-01-01";""
"Z130";"SAN MARINO";"";"SAN MARINO";"SAN MARINO";"1900-01-01";""
"Z131";"SPAGNA";"";"SPAGNA";"SPAIN";"1900-01-01";""
"Z132";"SVEZIA";"";"SVEZIA";"SWEDEN";"1900-01-01";""
"Z133";"SVIZZERA";"";"SVIZZERA";"SWITZERLAND";"1900-01-01";""
"Z134";"UNGHERIA";"";"UNGHERIA";"HUNGARY";"1900-01-01";""
"Z135";"UNIONE REPUBBLICHE SOCIALISTE SOVIETICHE";"URSS";"";"";"1900-01-01";"1991-08-24"
"Z135";"UNIONE REPUBBLICHE SOCIALISTE SOVIETICHE";"URSS";"";"";"1991-08-24";"1991-08-25"
"Z135";"UNIONE REPUBBLICHE SOCIALISTE SOVIETICHE";"URSS";"";"";"1991-08-25";"1991-08-27"
"Z135";"UNIONE REPUBBLICHE SOCIALISTE SOVIETICHE";"URSS";"";"";"1991-08-27";"1991-08-30"
"Z135";"UNIONE REPUBBLICHE SOCIALISTE SOVIETICHE";"URSS";"";"";"1991-08-30";"1991-08-31"
"Z135";"UNIONE REPUBBLICHE SOCIALISTE SOVIETICHE";"URSS";"";"";"1991-08-31";"1991-09-06"
"Z135";"UNIONE REPUBBLICHE SOCIALISTE SOVIETICHE";"URSS";"";"";"1991-09-06";"1991-09-09"
"Z135";"UNIONE REPUBBLICHE SOCIALISTE SOVIETICHE";"URSS";"";"";"1991-09-09";"1991-09-23"
"Z135";"UNIONE REPUBBLICHE SOCIALISTE SOVIETICHE";"URSS";"";"";"1991-09-23";"1991-10-29"
"Z135";"UNIONE REPUBBLICHE SOCIALISTE SOVIETICHE";"URSS";"";"";"1991-10-29";"1991-12-16"
"Z135";"UNIONE REPUBBLICHE SOCIALISTE SOVIETICHE";"URSS";"";"";"1991-12-16";"1992-03-31"
"Z136";"GEORGIA";"";"";"";"1991-09-09";"1994-01-01"
"Z137";"ARMENIA";"";"";"";"1991-09-23";"1994-01-01"
"Z138";"UCRAINA";"";"UCRAINA";"UKRAINE";"1991-08-24";""
"Z139";"BIELORUSSIA";"RUSSIA BIANCA";"BIELORUSSIA";"BELARUS";"1991-08-25";""
"Z140";"MOLDAVIA";"";"MOLDOVA";"MOLDOVA, REPUBLIC OF";"1991-08-27";""
"Z141";"AZERBAIGIAN";"";"";"";"1991-08-30";"1994-01-01"
"Z142";"KIRGHIZISTAN";"";"";"";"1991-08-31";"1994-01-01"
"Z143";"UZBEKISTAN";"";"";"";"1991-08-31";"1994-01-01"
"Z144";"ESTONIA";"";"ESTONIA";"ESTONIA";"1991-09-06";""
"Z145";"LETTONIA";"";"LETTONIA";"LATVIA";"1991-09-06";""
"Z146";"LITUANIA";"";"LITUANIA";"LITHUANIA";"1991-09-06";""
"Z147";"TAGIKISTAN";"";"";"";"1991-09-09";"1994-01-01"
"Z148";"MACEDONIA";"";"MACEDONIA DEL NORD";"MACEDONIA (FYROM)";"1991-09-15";""
"Z149";"CROAZIA";"";"CROAZIA";"CROATIA";"1991-10-08";""
"Z150";"SLOVENIA";"";"SLOVENIA";"SLOVENIA";"1991-10-08";""
"Z151";"TURKEMENISTAN";"";"";"";"1991-10-29";"1994-01-01"
"Z152";"KAZAKISTAN";"";"";"";"1991-12-16";"1994-01-01"
"Z153";"BOSNIA ED ERZEGOVINA";"";"BOSNIA-ERZEGOVINA";"BOSNIA AND HERZEGOVINA";"1992-03-03";""
"Z154";"RUSSIA";"FEDERAZIONE RUSSA";"FEDERAZIONE RUSSA";"RUSSIAN FEDERATION";"1992-03-31";""
"Z155";"SLOVACCHIA";"";"SLOVACCHIA";"SLOVAKIA";"1993-01-01";""
"Z156";"CECA REPUBBLICA";"";"REPUBBLICA CECA";"CZECH REPUBLIC";"1993-01-01";""
"Z157";"SERBIA E MONTENEGRO";"";"";"";"2003-02-04";"2006-06-02"
"Z158";"SERBIA";"";"SERBIA";"SERBIA";"2006-06-03";""
"Z159";"MONTENEGRO";"";"MONTENEGRO";"MONTENEGRO";"2006-06-03";""
"Z160";"KOSSOVO";"";"KOSOVO";"KOSOVO";"2008-02-21";""
"Z161";"TERRITORI PALESTINESI";"";"TERRITORI DELL'AUTONOMIA PALESTINESE";"PALESTINIAN TERRITORY, OCCUPIED";"2008-08-21";""
"Z200";"AFGHANISTAN";"";"AFGHANISTAN";"AFGHANISTAN";"1900-01-01";""
"Z201";"ARABIA MERIDIONALE FEDERAZIONE";"";"";"";"1900-01-01";"1975-12-31"
"Z202";"ARABIA MERIDIONALE PROTETTORATO";"";"";"";"1900-01-01";"1975-12-31"
"Z203";"ARABIA SAUDITA";"";"ARABIA SAUDITA";"SAUDI ARABIA";"1900-01-01";""
"Z204";"BAHREIN";"";"";"";"1900-01-01";"1975-12-31"
"Z204";"BAHREIN";"";"BAHREIN";"BAHRAIN";"1975-12-31";""
"Z205";"BHUTAN";"";"BHUTAN";"BHUTAN";"1975-12-31";""
"Z206";"BIRMANIA";"";"MYANMAR";"MYANMAR";"1900-01-01";""
"Z207";"BRUNEI";"";"";"";"1900-01-01";"1984-12-31"
"Z207";"BRUNEI";"";"BRUNEI";"BRUNEI DARUSSALAM";"1984-12-31";""
"Z208";"CAMBOGIA";"";"CAMBOGIA";"CAMBODIA";"1900-01-01";""
"Z209";"CEYLON";"";"";"";"1900-01-01";"1975-12-31"
"Z209";"SRI LANKA";"";"SRI LANKA";"SRI LANKA";"1975-12-31";""
"Z210";"CINA REPUBBLICA POPOLARE";"";"REPUBBLICA POPOLARE CINESE";"CHINA";"1900-01-01";""
"Z211";"CIPRO";"";"CIPRO";"CYPRUS";"1900-01-01";""
"Z212";"COCOS (ISOLE)";"";"COCOS (ISOLE)";"";"1900-01-01";""
"Z213";"COREA DEL SUD";"";"REPUBBLICA DI COREA";"KOREA, REPUBLIC OF";"1900-01-01";""
"Z214";"COREA DEL NORD";"";"REPUBBLICA POPOLARE DEMOCRATICA DI COREA";"KOREA, DEMOCRATIC PEOPLE'S REPUBLIC OF";"1900-01-01";""
"Z215";"COSTA DEI PIRATI";"TRUCIAL STATES";"";"";"1900-01-01";"1975-12-31"
"Z215";"EMIRATI ARABI UNITI";"";"EMIRATI ARABI UNITI";"UNITED ARAB EMIRATES";"1975-12-31";""
"Z216";"FILIPPINE";"";"FILIPPINE";"PHILIPPINES";"1900-01-01";""
"Z217";"FORMOSA";"TAIWAN";"";"";"1900-01-01";"1975-12-31"
"Z217";"TAIWAN";"REPUBBLICA DELLA CINA NAZIONALE";"TAIWAN";"TAIWAN, PROVINCE OF CHINA";"1975-12-31";""
"Z218";"GAZA (TERRITORIO DI)";"";"GAZA (TERRITORIO DI)";"";"1900-01-01";""
"Z219";"GIAPPONE";"";"GIAPPONE";"JAPAN";"1900-01-01";""
"Z220";"GIORDANIA";"";"GIORDANIA";"JORDAN";"1900-01-01";""
"Z221";"HONG KONG";"";"";"";"1900-01-01";"1997-07-01"
"Z222";"INDIA";"";"INDIA";"INDIA";"1900-01-01";""
"Z223";"INDONESIA";"";"INDONESIA";"INDONESIA";"1900-01-01";""
"Z224";"IRAN";"";"IRAN";"IRAN, ISLAMIC REPUBLIC OF";"1900-01-01";""
"Z225";"IRAQ";"";"IRAQ";"IRAQ";"1900-01-01";""
"Z226";"ISRAELE";"";"ISRAELE";"ISRAEL";"1900-01-01";""
"Z227";"KUWAIT";"";"KUWAIT";"KUWAIT";"1900-01-01";""
"Z228";"LAOS";"";"LAOS";"LAO PEOPLE'S DEMOCRATIC REPUBLIC";"1900-01-01";""
"Z229";"LIBANO";"";"LIBANO";"LEBANON";"1900-01-01";""
"Z230";"MALAYSIA";"";"";"";"1900-01-01";"1966-10-01"
"Z231";"MACAO";"";"MACAO";"";"1900-01-01";""
"Z232";"MALDIVE";"";"MALDIVE";"MALDIVES";"1900-01-01";""
"Z233";"MONGOLIA";"";"MONGOLIA";"MONGOLIA";"1900-01-01";""
"Z234";"NEPAL";"";"NEPAL";"NEPAL";"1900-01-01";""
"Z235";"OMAN";"";"OMAN";"OMAN";"1900-01-01";""
"Z236";"PAKISTAN";"";"PAKISTAN";"PAKISTAN";"1900-01-01";""
"Z237";"QATAR";"";"";"";"1900-01-01";"1975-12-31"
"Z237";"QATAR";"";"QATAR";"QATAR";"1975-12-31";""
"Z238";"RYUKYU (ISOLE)";"";"";"";"1900-01-01";"1975-12-31"
"Z239";"SIKKIM";"";"";"";"1900-01-01";"1975-12-31"
"Z240";"SIRIA";"";"SIRIA";"SYRIAN ARAB REPUBLIC";"1900-01-01";""
"Z241";"THAILANDIA";"";"THAILANDIA";"THAILAND";"1900-01-01";""
"Z242";"TIMOR (ISOLA)";"";"";"";"1900-01-01";"1978-12-31"
"Z242";"TIMOR ORIENTALE";"";"TIMOR ORIENTALE";"EAST TIMOR";"1997-01-17";""
"Z243";"TURCHIA";"";"TURCHIA";"TURKEY";"1900-01-01";""
"Z244";"VIETNAM DEL SUD";"";"";"";"1900-01-01";"1977-12-31"
"Z245";"VIETNAM DEL NORD";"";"";"";"1900-01-01";"1977-12-31"
"Z246";"YEMEN";"";"YEMEN";"YEMEN";"1900-01-01";""
"Z247";"MALAYSIA";"";"MALAYSIA";"MALAYSIA";"1966-10-01";""
"Z248";"SINGAPORE";"";"SINGAPORE";"SINGAPORE";"1966-10-01";""
"Z249";"BANGLADESH";"";"BANGLADESH";"BANGLADESH";"1975-12-31";""
"Z250";"YEMEN REPUBBLICA DEMOCRATICA POPOLARE";"";"";"";"1975-12-31";"1990-05-22"
"Z251";"VIETNAM";"";"VIETNAM";"VIET NAM";"1977-12-31";""
"Z252";"ARMENIA";"";"ARMENIA";"ARMENIA";"1994-01-01";""
"Z253";"AZERBAIGIAN";"";"AZERBAIGIAN";"AZERBAIJAN";"1994-01-01";""
"Z254";"GEORGIA";"";"GEORGIA";"GEORGIA";"1994-01-01";""
"Z255";"KAZAKISTAN";"";"KAZAKHSTAN";"KAZAKHSTAN";"1994-01-01";""
"Z256";"KIRGHIZISTAN";"";"KIRGHIZISTAN";"KYRGYZSTAN";"1994-01-01";""
"Z257";"TAGIKISTAN";"";"TAGIKISTAN";"TAJIKISTAN";"1994-01-01";""
"Z258";"TURKEMENISTAN";"";"TURKMENISTAN";"TURKMENISTAN";"1994-01-01";""
"Z259";"UZBEKISTAN";"";"UZBEKISTAN";"UZBEKISTAN";"1994-01-01";""
"Z300";"AFRICA DEL SUD-OVEST";"";"";"";"1900-01-01";"1975-12-31"
"Z300";"NAMIBIA";"AFRICA DEL SUD OVEST";"";"";"1975-12-31";"1978-12-31"
"Z300";"NAMIBIA";"";"NAMIBIA";"NAMIBIA";"1978-12-31";""
"Z301";"ALGERIA";"";"ALGERIA";"ALGERIA";"1900-01-01";""
"Z302";"ANGOLA";"";"";"";"1900-01-01";"1977-12-31"
"Z302";"ANGOLA";"";"ANGOLA";"ANGOLA";"1977-12-31";""
"Z303";"BASUTOLAND-SUD AFRICA BRITANNICO";"";"";"";"1900-01-01";"1966-10-01"
"Z304";"BECIUANIA-SUD AFRICA BRITANNICO";"";"";"";"1900-01-01";"1966-10-01"
"Z305";"BURUNDI";"";"BURUNDI";"BURUNDI";"1900-01-01";""
"Z306";"CAMERUN";"";"CAMERUN";"CAMEROON";"1900-01-01";""
"Z307";"CAPO VERDE";"";"CAPO VERDE";"CAPE VERDE";"1975-12-31";""
"Z307";"CAPO VERDE (ISOLE)";"";"";"";"1900-01-01";"1975-12-31"
"Z308";"CENTRAFRICANA REPUBBLICA";"";"REPUBBLICA CENTRAFRICANA";"CENTRAL AFRICAN REPUBLIC";"1980-12-31";""
"Z308";"CENTROAFRICANA REPUBBLICA";"";"";"";"1900-01-01";"1977-12-31"
"Z308";"CENTROAFRICANO IMPERO";"";"";"";"1977-12-31";"1980-12-31"
"Z309";"CIAD";"";"CIAD";"CHAD";"1900-01-01";""
"Z310";"COMORE";"";"COMORE";"COMOROS";"1977-12-31";""
"Z310";"COMORE (ISOLE)";"";"";"";"1900-01-01";"1975-12-31"
"Z310";"COMORE (ISOLE)";"";"";"";"1975-12-31";"1977-12-31"
"Z311";"CONGO BRAZZAVILLE";"";"";"";"1900-01-01";"1975-12-31"
"Z311";"CONGO REPUBBLICA POPOLARE";"";"CONGO";"CONGO";"1975-12-31";""
"Z312";"CONGO LEOPOLDVILLE";"";"";"";"1900-01-01";"1975-12-31"
"Z312";"CONGO REPUBBLICA DEMOCRATICA";"";"REPUBBLICA DEMOCRATICA DEL CONGO";"CONGO, THE DEMOCRATIC REPUBLIC OF THE";"1997-05-17";""
"Z312";"ZAIRE";"";"";"";"1975-12-31";"1997-05-17"
"Z313";"COSTA D'AVORIO";"";"COSTA D'AVORIO";"CÔTE D'IVOIRE";"1900-01-01";""
"Z314";"BENIN";"";"BENIN";"BENIN";"1975-12-31";""
"Z314";"DAHOMEY";"BENIN";"";"";"1900-01-01";"1975-12-31"
"Z315";"ETIOPIA";"";"";"";"1900-01-01";"1993-05-24"
"Z315";"ETIOPIA";"";"ETIOPIA";"ETHIOPIA";"1993-05-24";""
"Z316";"GABON";"";"GABON";"GABON";"1900-01-01";""
"Z317";"GAMBIA";"";"GAMBIA";"GAMBIA";"1900-01-01";""
"Z318";"GHANA";"";"GHANA";"GHANA";"1900-01-01";""
"Z319";"GUINEA";"";"GUINEA";"GUINEA";"1900-01-01";""
"Z320";"GUINEA BISSAU";"";"GUINEA BISSAU";"GUINEA-BISSAU";"1975-12-31";""
"Z320";"GUINEA PORTOGHESE";"";"";"";"1900-01-01";"1975-12-31"
"Z321";"GUINEA EQUATORIALE";"";"GUINEA EQUATORIALE";"EQUATORIAL GUINEA";"1975-12-31";""
"Z321";"GUINEA SPAGNOLA";"";"";"";"1900-01-01";"1975-12-31"
"Z322";"KENYA";"";"KENYA";"KENYA";"1900-01-01";""
"Z323";"IFNI";"";"";"";"1900-01-01";"1975-12-31"
"Z323";"IFNI";"";"";"";"1975-12-31";"1984-12-31"
"Z324";"LA REUNION (ISOLA)";"";"RIUNIONE";"";"1900-01-01";""
"Z325";"LIBERIA";"";"LIBERIA";"LIBERIA";"1900-01-01";""
"Z326";"LIBIA";"";"LIBIA";"LIBYAN ARAB JAMAHIRIYA";"1900-01-01";""
"Z327";"MADAGASCAR";"";"MADAGASCAR";"MADAGASCAR";"1900-01-01";""
"Z328";"MALAWI";"";"MALAWI";"MALAWI";"1900-01-01";""
"Z329";"MALI";"";"MALI";"MALI";"1900-01-01";""
"Z330";"MAROCCO";"";"MAROCCO";"MOROCCO";"1900-01-01";""
"Z331";"MAURITANIA";"";"MAURITANIA";"MAURITANIA";"1900-01-01";""
"Z332";"MAURITIUS";"MAURIZIO";"MAURITIUS";"MAURITIUS";"1975-12-31";""
"Z332";"MAURIZIO (ISOLE)";"";"";"";"1900-01-01";"1975-12-31"
"Z333";"MOZAMBICO";"";"";"";"1900-01-01";"1975-12-31"
"Z333";"MOZAMBICO";"";"MOZAMBICO";"MOZAMBIQUE";"1975-12-31";""
"Z334";"NIGER";"";"NIGER";"NIGER";"1900-01-01";""
"Z335";"NIGERIA";"";"NIGERIA";"NIGERIA";"1900-01-01";""
"Z336";"EGITTO";"";"EGITTO";"EGYPT";"1900-01-01";""
"Z337";"RHODESIA";"";"";"";"1900-01-01";"1980-12-31"
"Z337";"ZIMBABWE";"";"ZIMBABWE";"ZIMBABWE";"1980-12-31";""
"Z338";"RUANDA";"";"RUANDA";"RWANDA";"1900-01-01";""
"Z339";"SAHARA SPAGNOLO";"";"";"";"1900-01-01";"1977-12-31"
"Z340";"SANT'ELENA (ISOLA)";"";"SANT'ELENA";"";"1900-01-01";""
"Z341";"SAO TOME' E PRINCIPE";"";"SAO TOME' E PRINCIPE";"SAO TOME AND PRINCIPE";"1975-12-31";""
"Z341";"SAO TOME' E PRINCIPE (ISOLE)";"";"";"";"1900-01-01";"1975-12-31"
"Z342";"SEICELLE";"";"SEYCHELLES";"SEYCHELLES";"1977-12-31";""
"Z342";"SEICELLE (ISOLE)";"";"";"";"1900-01-01";"1977-12-31"
"Z343";"SENEGAL";"";"SENEGAL";"SENEGAL";"1900-01-01";""
"Z344";"SIERRA LEONE";"";"SIERRA LEONE";"SIERRA LEONE";"1900-01-01";""
"Z345";"SOMALIA";"";"SOMALIA";"";"1900-01-01";""
"Z346";"SOMALIA FRANCESE";"";"";"";"1900-01-01";"1975-12-31"
"Z346";"TERRITORIO FRANCESE DEGLI AFAR E DEGLI ISSA";"";"";"";"1975-12-31";"1977-12-31"
"Z347";"SUDAFRICANA REPUBBLICA";"";"";"";"1900-01-01";"1978-12-31"
"Z347";"SUDAFRICANA REPUBBLICA";"";"";"";"1978-12-31";"1980-12-31"
"Z347";"SUDAFRICANA REPUBBLICA";"";"";"";"1980-12-31";"1984-12-31"
"Z347";"SUDAFRICANA REPUBBLICA";"";"SUD AFRICA";"SOUTH AFRICA";"1984-12-31";""
"Z348";"SUDAN";"";"SUDAN";"SUDAN";"1900-01-01";""
"Z349";"SWAZILAND";"";"ESWATINI";"SWAZILAND";"1975-12-31";""
"Z349";"SWAZILAND-SUDAFRICA BRITANNICO";"";"";"";"1900-01-01";"1975-12-31"
"Z350";"TANGANICA";"";"";"";"1900-01-01";"1966-10-01"
"Z351";"TOGO";"";"TOGO";"TOGO";"1900-01-01";""
"Z352";"TUNISIA";"";"TUNISIA";"TUNISIA";"1900-01-01";""
"Z353";"UGANDA";"";"UGANDA";"UGANDA";"1900-01-01";""
"Z354";"BURKINA";"";"BURKINA FASO";"BURKINA FASO";"1984-12-31";""
"Z354";"VOLTA";"ALTOVOLTA";"";"";"1900-01-01";"1984-12-31"
"Z355";"ZAMBIA";"";"ZAMBIA";"ZAMBIA";"1900-01-01";""
"Z356";"ZANZIBAR";"";"";"";"1900-01-01";"1966-10-01"
"Z357";"TANZANIA";"";"TANZANIA";"TANZANIA, UNITED REPUBLIC OF";"1966-10-01";""
"Z358";"BOTSWANA";"";"BOTSWANA";"BOTSWANA";"1966-10-01";""
"Z359";"LESOTHO";"";"LESOTHO";"LESOTHO";"1966-10-01";""
"Z360";"MAYOTTE (ISOLA)";"";"MAYOTTE";"";"1977-12-31";""
"Z361";"GIBUTI";"";"GIBUTI";"DJIBOUTI";"1977-12-31";""
"Z362";"SAHARA MERIDIONALE";"";"";"";"1977-12-31";"1984-12-31"
"Z363";"SAHARA SETTENTRIONALE";"";"";"";"1977-12-31";"1984-12-31"
"Z364";"BOPHUTHATSWANA";"";"";"";"1978-12-31";"1994-01-01"
"Z365";"TRANSKEI";"";"";"";"1978-12-31";"1994-01-01"
"Z366";"VENDA";"";"";"";"1980-12-31";"1994-01-01"
"Z367";"CISKEI";"";"";"";"1984-12-31";"1994-01-01"
"Z368";"ERITREA";"";"ERITREA";"ERITREA";"1993-05-24";""
"Z369";"NYASALAND";"";"";"";"1907-01-01";"1964-07-05"
"Z370";"CONGO BELGA";"";"";"";"1908-01-01";"1960-01-01"
"Z400";"BERMUDA (ISOLE)";"";"BERMUDA";"";"1900-01-01";""
"Z401";"CANADA";"";"CANADA";"CANADA";"1900-01-01";""
"Z402";"GROENLANDIA";"";"GROENLANDIA";"";"1900-01-01";""
"Z403";"SAINT PIERRE ET MIQUELON (ISOLE)";"";"SAINT PIERRE E MIQUELON";"";"1900-01-01";""
"Z404";"STATI UNITI D'AMERICA";"USA";"STATI UNITI D'AMERICA";"UNITED STATES";"1900-01-01";""
"Z500";"ANTILLE BRITANNICHE";"";"";"";"1900-01-01";"1975-12-31"
"Z501";"ANTILLE OLANDESI";"";"ANTILLE OLANDESI";"";"1900-01-01";""
"Z502";"BAHAMA";"";"BAHAMAS";"BAHAMAS";"1975-12-31";""
"Z502";"BAHAMA (ISOLE)";"";"";"";"1900-01-01";"1975-12-31"
"Z503";"COSTA RICA";"";"COSTA RICA";"COSTA RICA";"1900-01-01";""
"Z504";"CUBA";"";"CUBA";"CUBA";"1900-01-01";""
"Z505";"DOMINICANA REPUBBLICA";"";"REPUBBLICA DOMINICANA";"DOMINICAN REPUBLIC";"1900-01-01";""
"Z506";"EL SALVADOR";"";"EL SALVADOR";"EL SALVADOR";"1900-01-01";""
"Z507";"GIAMAICA";"";"GIAMAICA";"JAMAICA";"1900-01-01";""
"Z508";"GUADALUPA";"";"GUADALUPA";"";"1900-01-01";""
"Z509";"GUATEMALA";"";"GUATEMALA";"GUATEMALA";"1900-01-01";""
"Z510";"HAITI";"";"HAITI";"HAITI";"1900-01-01";""
"Z511";"HONDURAS";"";"HONDURAS";"HONDURAS";"1900-01-01";""
"Z512";"BELIZE";"";"";"";"1975-12-31";"1984-12-31"
"Z512";"BELIZE";"";"BELIZE";"BELIZE";"1984-12-31";""
"Z512";"HONDURAS BRITANNICO";"";"";"";"1900-01-01";"1975-12-31"
"Z513";"MARTINICA";"";"MARTINICA";"";"1900-01-01";""
"Z514";"MESSICO";"";"MESSICO";"MEXICO";"1900-01-01";""
"Z515";"NICARAGUA";"";"NICARAGUA";"NICARAGUA";"1900-01-01";""
"Z516";"PANAMA'";"";"PANAMA";"PANAMA";"1900-01-01";""
"Z517";"PANAMA ZONA DEL CANALE";"";"";"";"1900-01-01";"1980-12-31"
"Z517";"PANAMA ZONA DEL CANALE";"";"PANAMA ZONA DEL CANALE";"";"1980-12-31";""
"Z518";"PUERTO RICO";"";"PUERTO RICO";"";"1900-01-01";""
"Z519";"TURKS E CAICOS (ISOLE)";"";"ISOLE TURKS E CAICOS";"";"1900-01-01";""
"Z520";"VERGINI AMERICANE (ISOLE)";"";"VERGINI AMERICANE (ISOLE)";"";"1900-01-01";""
"Z521";"ANTILLE BRITANNICHE";"";"";"";"1975-12-31";"1977-12-31"
"Z522";"BARBADOS";"";"BARBADOS";"BARBADOS";"1975-12-31";""
"Z523";"ANTILLE BRITANNICHE";"";"";"";"1977-12-31";"1980-12-31"
"Z523";"ANTILLE BRITANNICHE";"";"";"";"1980-12-31";"1984-12-31"
"Z524";"GRENADA";"";"GRENADA";"GRENADA";"1977-12-31";""
"Z525";"VERGINI BRITANNICHE (ISOLE)";"";"ISOLE VERGINI BRITANNICHE";"";"1978-12-31";""
"Z526";"DOMINICA";"";"DOMINICA";"DOMINICA";"1980-12-31";""
"Z527";"SAINT LUCIA";"";"SAINT LUCIA";"SAINT LUCIA";"1980-12-31";""
"Z528";"SAINT VINCENT E GRENADINE";"";"SAINT VINCENT E GRENADINE";"SAINT VINCENT AND THE GRENADINES";"1980-12-31";""
"Z529";"ANGUILLA (ISOLA)";"";"ANGUILLA";"";"1980-12-31";""
"Z530";"CAYMAN (ISOLE)";"";"ISOLE CAYMAN";"";"1980-12-31";""
"Z531";"MONTSERRAT";"";"MONTSERRAT";"";"1980-12-31";""
"Z532";"ANTIGUA E BARBUDA";"";"ANTIGUA E BARBUDA";"ANTIGUA AND BARBUDA";"1984-12-31";""
"Z533";"SAINT KITTS E NEVIS";"SAINT CHRISTOPHER E NEVIS";"SAINT KITTS E NEVIS";"SAINT KITTS AND NEVIS";"1984-12-31";""
"Z600";"ARGENTINA";"";"ARGENTINA";"ARGENTINA";"1900-01-01";""
"Z601";"BOLIVIA";"";"BOLIVIA";"BOLIVIA, PLURINATIONAL STATE OF";"1900-01-01";""
"Z602";"BRASILE";"";"BRASILE";"BRAZIL";"1900-01-01";""
"Z603";"CILE";"";"CILE";"CHILE";"1900-01-01";""
"Z604";"COLOMBIA";"";"COLOMBIA";"COLOMBIA";"1900-01-01";""
"Z605";"ECUADOR";"";"ECUADOR";"ECUADOR";"1900-01-01";""
"Z606";"GUYANA";"";"GUYANA";"GUYANA";"1975-12-31";""
"Z606";"GUYANA BRITANNICA";"";"";"";"1900-01-01";"1975-12-31"
"Z607";"GUIANA FRANCESE";"";"GUYANA FRANCESE";"";"1900-01-01";""
"Z608";"GUAYANA OLANDESE";"";"";"";"1900-01-01";"1975-12-31"
"Z608";"SURINAME";"";"SURINAME";"SURINAME";"1975-12-31";""
"Z609";"MALVINE";"FALKLAND (ISOLE)";"MALVINE O FALKLAND (ISOLE)";"";"1900-01-01";""
"Z610";"PARAGUAY";"";"PARAGUAY";"PARAGUAY";"1900-01-01";""
"Z611";"PERU'";"";"PERU'";"PERU";"1900-01-01";""
"Z612";"TRINIDAD E TOBAGO";"";"TRINIDAD E TOBAGO";"TRINIDAD AND TOBAGO";"1900-01-01";""
"Z613";"URUGUAY";"";"URUGUAY";"URUGUAY";"1900-01-01";""
"Z614";"VENEZUELA";"";"VENEZUELA";"VENEZUELA, BOLIVARIAN REPUBLIC OF";"1900-01-01";""
"Z700";"AUSTRALIA";"";"AUSTRALIA";"AUSTRALIA";"1900-01-01";""
"Z701";"CAROLINE (ISOLE)";"";"";"";"1900-01-01";"1984-12-31"
"Z701";"CAROLINE (ISOLE)";"STATI FEDERATI DI MICRONESIA";"";"";"1984-12-31";"1990-12-22"
"Z702";"CHRISTMAS (ISOLA)";"";"CHRISTMAS (ISOLA)";"";"1900-01-01";""
"Z703";"COOK (ISOLE)";"";"ISOLE COOK";"";"1900-01-01";""
"Z704";"FIGI";"VITI (ISOLE)";"";"";"1900-01-01";"1975-12-31"
"Z704";"FIGI";"VITI";"FIGI";"FIJI";"1975-12-31";""
"Z705";"GILBERT E ELLICE (ISOLE)";"";"";"";"1900-01-01";"1980-12-31"
"Z706";"GUAM (ISOLA)";"";"GUAM (ISOLA)";"";"1900-01-01";""
"Z707";"IRIAN OCCIDENTALE";"";"IRIAN OCCIDENTALE";"";"1900-01-01";""
"Z708";"MACQUARIE (ISOLE)";"";"MACQUARIE (ISOLE)";"";"1900-01-01";""
"Z709";"MARCUS (ISOLE)";"";"";"";"1900-01-01";"1975-12-31"
"Z710";"MARIANNE (ISOLE)";"";"MARIANNE (ISOLE)";"";"1900-01-01";""
"Z711";"MARSHALL";"";"ISOLE MARSHALL";"MARSHALL ISLANDS";"1990-12-22";""
"Z711";"MARSHALL (ISOLE)";"";"";"";"1900-01-01";"1990-12-22"
"Z712";"MIDWAY (ISOLE)";"";"MIDWAY (ISOLE)";"";"1900-01-01";""
"Z713";"NAURU";"";"NAURU";"NAURU";"1975-12-31";""
"Z713";"NAURU (ISOLE)";"";"";"";"1900-01-01";"1975-12-31"
"Z714";"NIUE";"SAVAGE (ISOLE)";"NIUE";"";"1900-01-01";""
"Z715";"NORFOLK (ISOLE E ISOLE DEL MAR DEI CORALLI)";"";"NORFOLK (ISOLE E ISOLE DEL MAR DEI CORALLI)";"";"1900-01-01";""
"Z716";"NUOVA CALEDONIA (ISOLE E DIPENDENZE)";"";"NUOVA CALEDONIA";"";"1900-01-01";""
"Z717";"NUOVE EBRIDI (ISOLE CONDOMINIO FRANCO-INGLESE)";"";"";"";"1900-01-01";"1980-12-31"
"Z718";"NUOVA GUINEA";"";"";"";"1900-01-01";"1975-12-31"
"Z719";"NUOVA ZELANDA";"";"NUOVA ZELANDA";"NEW ZEALAND";"1900-01-01";""
"Z720";"PAPUASIA";"";"";"";"1900-01-01";"1975-12-31"
"Z721";"ISOLE CILENE (PASQUA E SALA Y GOMEZ)";"";"ISOLE CILENE (PASQUA E SALA Y GOMEZ)";"";"1984-12-31";""
"Z721";"PASQUA (ISOLA)";"";"";"";"1900-01-01";"1984-12-31"
"Z722";"PITCAIRN (E DIPENDENZE)";"";"ISOLE PITCAIRN";"";"1900-01-01";""
"Z723";"POLINESIA FRANCESE (ISOLE)";"";"POLINESIA FRANCESE (ISOLE)";"";"1900-01-01";""
"Z724";"SALOMONE";"";"ISOLE SALOMONE";"SOLOMON ISLANDS";"1978-12-31";""
"Z724";"SALOMONE (ISOLE)";"";"";"";"1900-01-01";"1978-12-31"
"Z725";"SAMOA AMERICANE (ISOLE)";"";"SAMOA AMERICANE (ISOLE)";"";"1900-01-01";""
"Z726";"SAMOA";"";"SAMOA";"SAMOA";"1900-01-01";""
"Z727";"TOKELAU";"ISOLE DELL'UNIONE";"TOKELAU O ISOLE DELL'UNIONE";"";"1900-01-01";""
"Z728";"TONGA";"ISOLE DEGLI AMICI";"";"";"1900-01-01";"1975-12-31"
"Z728";"TONGA";"ISOLE DEGLI AMICI";"TONGA";"TONGA";"1975-12-31";""
"Z729";"WALLIS E FUTUNA (ISOLE)";"";"ISOLE WALLIS E FUTUNA";"";"1900-01-01";""
"Z730";"PAPUA NUOVA GUINEA";"";"PAPUA NUOVA GUINEA";"PAPUA NEW GUINEA";"1975-12-31";""
"Z731";"KIRIBATI";"";"KIRIBATI";"KIRIBATI";"1980-12-31";""
"Z732";"TUVALU";"";"TUVALU";"TUVALU";"1980-12-31";""
"Z733";"VANUATU";"";"VANUATU";"VANUATU";"1980-12-31";""
"Z734";"PALAU";"";"PALAU";"PALAU";"1997-01-01";""
"Z734";"PALAU REPUBBLICA";"";"";"";"1984-12-31";"1997-01-01"
"Z735";"MICRONESIA STATI FEDERATI";"";"STATI FEDERATI DI MICRONESIA";"MICRONESIA, FEDERATED STATES OF";"1990-12-22";""
"Z800";"DIPENDENZE CANADESI";"";"DIPENDENZE CANADESI";"";"1900-01-01";""
"Z801";"DIPENDENZE NORVEGESI ARTICHE";"";"DIPENDENZE NORVEGESI ARTICHE";"";"1900-01-01";""
"Z802";"DIPENDENZE RUSSE";"";"DIPENDENZE RUSSE";"";"1992-03-31";""
"Z802";"DIPENDENZE SOVIETICHE";"";"";"";"1900-01-01";"1992-03-31"
"Z900";"DIPENDENZE AUSTRALIANE";"";"DIPENDENZE AUSTRALIANE";"";"1900-01-01";""
"Z901";"DIPENDENZE BRITANNICHE";"";"DIPENDENZE BRITANNICHE";"";"1900-01-01";""
"Z902";"DIPENDENZE FRANCESI";"";"DIPENDENZE FRANCESI";"";"1900-01-01";""
"Z903";"DIPENDENZE NEOZELANDESI";"";"DIPENDENZE NEOZELANDESI";"";"1900-01-01";""
"Z904";"DIPENDENZE NORVEGESI ANTARTICHE";"";"DIPENDENZE NORVEGESI ANTARTICHE";"";"1900-01-01";""
"Z905";"DIPENDENZE STATUNITENSI";"";"DIPENDENZE STATUNITENSI";"";"1900-01-01";""
"Z906";"DIPENDENZE SUDAFRICANE";"";"DIPENDENZE SUDAFRICANE";"";"1900-01-01";""
"Z907";"SUD SUDAN";"";"SUD SUDAN";"SOUTH SUDAN, REPUBLIC OF";"2011-07-10";""
